u9c0aIiZ4i, EDt2uGjnmt, {some data}
m1OjtGDBY9, 7eFtBm8FE6, {some data}
wD04eMjSwM, H7u6nacT0y, {some data}
K8ApCrZCuK, f7JtNLLzkC, {some data}
6aKDmDgnG0, XHjLg1hss6, {some data}
3OxyeYkiKL, ADxZeyPQau, {some data}
n11BS6Y3s1, dyWtgoMPeW, {some data}
CR291qoYeo, 8yMM8cVQ1d, {some data}
uKwCF0jBeF, 7W7zSNuJjD, {some data}
XDsg5yV6Ni, 4DgR0Rozgr, {some data}
NgQN30IBeO, 1BHn3DRaSF, {some data}
SfwxfCYV8G, wbaUxNHfTu, {some data}
MVXueqdA2t, OalRtiM4kR, {some data}
fQjkhMftJZ, O9kVIlO89C, {some data}
Bojiavlsvs, Q9l1lHkUSd, {some data}
1w2ml1Bevr, xucKqZm8bX, {some data}
1PheqVV6e8, 4T1Dzw7mj7, {some data}
mpz3HGl1wj, GJQ6x5aEVG, {some data}
WwuFQyYfSD, lWISnBh21S, {some data}
ze7jpeVZsx, rOJ65MdkHZ, {some data}
S1ISfBJyq5, bHWlpm7BJH, {some data}
FgwbPpBH2C, uU8Xu0bKGh, {some data}
aDtdMz2pw1, DCSytfXBtB, {some data}
tl3Id9GI7O, JkI4fUiOq6, {some data}
VKHfqTAVeW, 0ikUk1s1wz, {some data}
tm1QX4AqNA, cMzK4wYswX, {some data}
SqyNd7h6iB, 1Md24ZDDgB, {some data}
ubLVn0fNie, WLjTAfFmrD, {some data}
TYMj6IKAsM, IxCFFhBQ6S, {some data}
EWBOt7hLJQ, 8V3fMydUE5, {some data}
UXwcSsXu6L, riX9TIgix9, {some data}
YFbVt0VpQ2, xdHZXEwnyh, {some data}
cDs72F2EpO, Hoh3KErLEN, {some data}
mzsSSJPy4R, cr9xQeFpZX, {some data}
q5xVOpdX2j, EHYan7pYoD, {some data}
BRwt3hRr7u, Gd8ncKoDhy, {some data}
4OMD6iKuq0, XyVnayxiS0, {some data}
0YzoJGsTja, kfK580UAsm, {some data}
IqeY8lWoba, 1JnoM0cJ7a, {some data}
2Onnlg8N2i, eWXOcpYk0v, {some data}
YCOJpUQkUg, JkVOOauYly, {some data}
fewF0ZAMwT, Tx8ceamU5l, {some data}
nTvjDMdG3Z, PJqin4BPd2, {some data}
uiSpxXkuJw, ElsmAgMVTX, {some data}
O29AbACzJE, 9d3CKUlC5O, {some data}
3AAmQJihPW, V0oGMaPmfD, {some data}
ilipZW2nO6, FJungWXQGR, {some data}
mTbytLFeeX, LDumkkyn1D, {some data}
BHNXjbQsMj, IStITNhUOj, {some data}
y5iRlgvOH0, nJotcwntoL, {some data}
hRK08TffgD, rZulr5rynt, {some data}
ASH5LQ46OW, Sn5Fg3h3w9, {some data}
VJmoShQ4pG, F5jechWTTw, {some data}
RKLGwxJAUW, 06PAZ1zsGX, {some data}
KgYSjgRbSp, lX23HAlTtm, {some data}
EpACsNTo3R, C9w2xQz88O, {some data}
8RbDgxsMEV, mYiTLuq9TR, {some data}
p0sZ06w4fy, M96ljly8bT, {some data}
4nfnSZv2u1, OslahdqFYg, {some data}
uhXqeT99c3, YKeQ65vzjV, {some data}
zgkq3n1x3s, vl3GG8FbCu, {some data}
sDXOPlBuEi, HcSxlExRFh, {some data}
32skNaXM91, CwBvNnRAg9, {some data}
G3yf4Goy4e, cEbLFcKgJD, {some data}
nWUGucvyuD, YskZLE0Ai7, {some data}
0yPolCwg31, OnsDDmZC4d, {some data}
ng7C5Yb9fW, opyiKbdPw8, {some data}
c66YAsrFdI, BwytIxnloJ, {some data}
1RVTYqNrxl, VCkXTsEKfj, {some data}
wZSUeByH4s, ae3aQZ0AQz, {some data}
oHqkcI3r4p, HZTmD3N2lb, {some data}
sQttxF0nPw, 4SYTGGgX33, {some data}
UxR93ojMEU, Mo1b6eAPba, {some data}
cM5eZ8K3k9, zHzfvC8F7l, {some data}
acVoSbgl6y, F9Jv6urrUW, {some data}
qyMOh5UDeA, aL3uidx50b, {some data}
5cRsd6RxAE, blGFq401qS, {some data}
6fuz0KZ9nX, gNy4RELQvC, {some data}
dZdfnBEjml, NrEkNQQiBb, {some data}
3GWlbWpjNC, B3sDvF2kel, {some data}
ZYDN878rTX, mHTNIzN5ZT, {some data}
bfCsPvGEXy, 6i6TsTT9Xv, {some data}
G90cbFBvv8, XPNJ7pzyBF, {some data}
zfLtzKQ2HT, ckPTN2Ra8B, {some data}
RlIfbNODIw, gKQV5tkWnE, {some data}
NGpObpmS9E, UCcoygxfZT, {some data}
a3a8xdZs0a, ZJcXWsoOkc, {some data}
I2z2gPcYJE, rYp6pVEJ9g, {some data}
T9VLTMZa3P, kmTNAhxQaX, {some data}
7Wkpf05xon, JrsO4pOFVJ, {some data}
gTsGiLqbuT, w49KtcZonI, {some data}
Dd9LjYxolP, Rp7p58adcd, {some data}
Ci3iv2iSgj, EIJOchfwwZ, {some data}
fD8eKEoaY4, xPx794t8a5, {some data}
rGYtqukiEz, g8iupVd9TF, {some data}
lyjQlWRgsB, nudHusn31e, {some data}
UA5MtHwBb1, ewBHvSmJyd, {some data}
FOUPUPkvIz, 0Jrf5RQchK, {some data}
hErf9v3gLr, WQxMnCLPhJ, {some data}
QT644ybJ8u, 57R5B0lIef, {some data}
9L4wuMUhrq, dXdYtfoYEi, {some data}
AaZcxZQKJc, xrLQeWgAdt, {some data}
3r9m3BcvBG, hOtlhOVn0S, {some data}
zsA5yXcDbq, ztBgwIMxBD, {some data}
6MmbuB3YDp, g1Bl8hrAFo, {some data}
JSvh5POoEM, NIVQh2d3Oh, {some data}
UHhVYI85Nt, 70m5GU42fc, {some data}
0JvLErm8Gl, iUhj52M9CY, {some data}
ydFsymq6Tp, UWBhOVheXk, {some data}
7ZL4dbsfzW, hxqxbbunir, {some data}
95uvPsqWrQ, meaPUUVcs3, {some data}
9T4atpEKSa, 2H2Xh0Foq6, {some data}
9Dgog2gyhw, 7j4Dc8OamS, {some data}
DT5Kj9tfoO, yyJafefiIN, {some data}
x51EsFR8SZ, SLszuq2yx6, {some data}
TubQUoa47T, BpLwLhbSf5, {some data}
7K4qdolW6V, Tcq4PMdqFw, {some data}
cUbutOJBER, ekahsDebt8, {some data}
6vHbe4F5EK, R7ntVOE0Gw, {some data}
5OatDghtOl, InelmLrhdN, {some data}
uaFgcBzDzo, pJxD5aeNwF, {some data}
GaYKFoBoVV, Jb5yArh7Cm, {some data}
SfthXSna2X, HJC7hbOQoU, {some data}
3kquCIOVjw, eHpEwp1hIb, {some data}
NB1S6Uft0q, KTcad490Fd, {some data}
GC9VA0ZNO5, t4708o41Et, {some data}
Op36VJCxFz, HQAdM6mctb, {some data}
Xaxp3dljl9, xYWht5cf9B, {some data}
yLKxaUPDMX, 7CpuXRyFjy, {some data}
EPv6PktolQ, WLvFTXRotd, {some data}
qdBNSndxmo, ps584CZVJY, {some data}
bHYJ2vTGlD, td4rgMxkYQ, {some data}
Ah3KgMYvj6, BSopEsL5To, {some data}
aMPeXc49Qc, uZfyUcIb6S, {some data}
lbWW5S5FOm, yi8GLSu72b, {some data}
r4vFS0T20H, obIWj34Liw, {some data}
jTOwa8ngTI, WwiXUCeIH9, {some data}
rLYKphZloL, tW6C58mAED, {some data}
niWWsdf3HO, zgBjrd6WYw, {some data}
FNc4R5Jufy, rJuQbConPv, {some data}
6PJJlAUhbZ, u6DqHtm750, {some data}
mcY6Ue0mHk, NEqpIabafQ, {some data}
UaUni7cKvj, rxrtpxmMxH, {some data}
X28rLAlCdg, 0pfevQYqLJ, {some data}
qNpB0ScoFQ, CES59POXsS, {some data}
7ITeOQUkai, f0KAnUytfO, {some data}
mOi5HerSyx, vBsdc1Lh2T, {some data}
yXjQeJGvCn, yP1CXCg5oM, {some data}
sKmDZbwhjc, 7pqIabTUzH, {some data}
AgzopEpznD, DSD66ZzI1c, {some data}
fXQX0hg7Dz, m53yEoLc2k, {some data}
voQ4i9q457, vTwyTffPwt, {some data}
gHsV121X2h, do0jsGaFvD, {some data}
LFOto910TT, cpaeKpCVSd, {some data}
RnuuukS7qc, VpZbXVZ7Bs, {some data}
J3KR9T1ano, D9981o1Zvf, {some data}
aJdYkMumY9, F19udr6NpQ, {some data}
XAvquDRLT2, lAXPK0fXEP, {some data}
pnXlVNMGOs, SUCLqCd9FC, {some data}
HqFAWJvHu5, dHpFvUKhVm, {some data}
0cMqsiItyh, UF09oY1ewH, {some data}
CwR9FFxltL, 1nxUOdZfL2, {some data}
FE0lzQMmZ5, sQKGZfom6T, {some data}
Iqca36adMc, Xxq3SQv1ml, {some data}
w3mFVu3kuJ, 9N1EBoFfo0, {some data}
1cGwTxnMVT, Lacr4Zmb2u, {some data}
KYhp7pViVO, yfgEr6PDmR, {some data}
8VkGv0vLWb, YNuYhUrfaf, {some data}
JOn5z7SiGW, yeGu3oI2aY, {some data}
6D3cFyBxu7, OGFgokrAAc, {some data}
Mj6XRDY6PU, 78LZcJMTdh, {some data}
KnH0ePWG7P, sEoVLwTi7s, {some data}
thAnifGuyQ, LC7mypokxa, {some data}
kN4HAR6xAO, T9nruanTj4, {some data}
MNLwT2LWDr, 4TvdovwARx, {some data}
RggX6A6QFk, f9vZarAL66, {some data}
NjDybCVEPm, 5vMDGnryvu, {some data}
S46OIHIDAm, f3DRnE4rZw, {some data}
zHvRFrEhpX, PH85Xfr9J7, {some data}
ZMF3QHg5ku, QoUCht7AQ3, {some data}
LQ7RKE9eyw, 4sdxipUeco, {some data}
KcHpwqYPaD, RwXeZsXUK8, {some data}
0omVW4Hi9x, R7SOUx8BNR, {some data}
c63amzoUZ4, JAA2jTDUVO, {some data}
E3EoGwqD1J, FdQmExICr9, {some data}
6FvXCKjrAW, 0izK9AjzVM, {some data}
JJSYYD6e7p, qJ6e6f34oZ, {some data}
DcW4zQYwZ3, vabix10ojE, {some data}
h5AKUL957m, SQzAveakGn, {some data}
mfboDSK4AQ, vbO5KmIBvY, {some data}
JZBvSJQ2L8, EjDhNH1j0n, {some data}
NDd9rkn7kt, fY9JnENMII, {some data}
f8tmiHb1gD, hPjAX37XHs, {some data}
e90c0G6PN4, PAIfsZlPS6, {some data}
pTCZI1y0Re, 8W3TURDqHH, {some data}
yhoNKVzBTS, hmZPM2vmcF, {some data}
TBO2qHJgLo, ajzN5Y7yQ6, {some data}
AKQGk3AFMv, 8VTjXPS8Yg, {some data}
D7WxXROsXX, QPSNzHbO9I, {some data}
WU8R7GHSm9, ZQRRwEHc7k, {some data}
mIoRhXwqdg, sFc70YR4j0, {some data}
F3iGHD5XM2, 2mEVWzfL0G, {some data}
